{
  "feature_0": {
    "mean": 21.634051286189454,
    "scale": 2.537905875286003,
    "var": 6.440966231811212
  },
  "feature_1": {
    "mean": 54.87085049453468,
    "scale": 5.859544609094644,
    "var": 34.3342630259701
  },
  "feature_2": {
    "mean": 0.005929478155859743,
    "scale": 0.004414303820272224,
    "var": 1.9486078217669947e-05
  },
  "feature_3": {
    "mean": 0.001009999967503258,
    "scale": 0.0005165560797921226,
    "var": 2.6683018357020574e-07
  },
  "feature_4": {
    "mean": 0.0010028443793049062,
    "scale": 0.00031060022976826866,
    "var": 9.647250273210127e-08
  },
  "feature_5": {
    "mean": 0.00685297824446509,
    "scale": 0.003912333709409347,
    "var": 1.5306355053780697e-05
  },
  "feature_6": {
    "mean": 0.3650293420030262,
    "scale": 0.48143838804136097,
    "var": 0.23178292147986404
  },
  "feature_7": {
    "mean": 0.6925496530759688,
    "scale": 0.46143757010057573,
    "var": 0.21292463110032375
  },
  "feature_8": {
    "mean": -1.1310097218855152e-17,
    "scale": 0.7071067811865476,
    "var": 0.5
  },
  "feature_9": {
    "mean": -5.76556543268478e-17,
    "scale": 0.7071067811865475,
    "var": 0.49999999999999994
  },
  "feature_10": {
    "mean": 0.040178059940663986,
    "scale": 0.7026293019130945,
    "var": 0.4936879359068824
  },
  "feature_11": {
    "mean": -0.03320847502916989,
    "scale": 0.7096442663608038,
    "var": 0.5035949847787634
  },
  "feature_12": {
    "mean": 21.633976182199884,
    "scale": 2.537898033901903,
    "var": 6.4409264304831435
  },
  "feature_13": {
    "mean": 54.871084731545274,
    "scale": 5.859569068287641,
    "var": 34.33454966603329
  },
  "feature_14": {
    "mean": 0.006853089209036587,
    "scale": 0.00391241216850433,
    "var": 1.5306968976260756e-05
  },
  "feature_15": {
    "mean": 0.005929364415920335,
    "scale": 0.004414260330259794,
    "var": 1.9485694263305303e-05
  },
  "feature_16": {
    "mean": 21.633900912683814,
    "scale": 2.5378901667769362,
    "var": 6.440886498623066
  },
  "feature_17": {
    "mean": 54.871319047667676,
    "scale": 5.859592607755303,
    "var": 34.3348255288606
  },
  "feature_18": {
    "mean": 0.006853199204426176,
    "scale": 0.003912489705465758,
    "var": 1.5307575695375534e-05
  },
  "feature_19": {
    "mean": 0.005929250319247034,
    "scale": 0.004414216658936066,
    "var": 1.9485308712028682e-05
  },
  "feature_20": {
    "mean": 21.633825391226726,
    "scale": 2.53788220940118,
    "var": 6.440846108795015
  },
  "feature_21": {
    "mean": 54.871553375961255,
    "scale": 5.859615990376031,
    "var": 34.33509955467047
  },
  "feature_22": {
    "mean": 0.006853308725387674,
    "scale": 0.003912566553801607,
    "var": 1.5308177037926985e-05
  },
  "feature_23": {
    "mean": 0.005929135947142525,
    "scale": 0.004414173013420893,
    "var": 1.948492339241329e-05
  },
  "feature_24": {
    "mean": 21.633596586162344,
    "scale": 2.5378576572481473,
    "var": 6.440721488453055
  },
  "feature_25": {
    "mean": 54.872259634858295,
    "scale": 5.85968458179962,
    "var": 34.335903398180186
  },
  "feature_26": {
    "mean": 0.006853637839134545,
    "scale": 0.003912796258145502,
    "var": 1.5309974557757443e-05
  },
  "feature_27": {
    "mean": 0.00592878864994655,
    "scale": 0.004414041594656984,
    "var": 1.948376319936197e-05
  },
  "feature_28": {
    "mean": 21.63313293675136,
    "scale": 2.537809123588803,
    "var": 6.440475147770568
  },
  "feature_29": {
    "mean": 54.87367566278753,
    "scale": 5.859813209208122,
    "var": 34.33741084680999
  },
  "feature_30": {
    "mean": 0.006854288169311187,
    "scale": 0.003913244364454101,
    "var": 1.531348145593178e-05
  },
  "feature_31": {
    "mean": 0.005928084716818269,
    "scale": 0.004413780608357617,
    "var": 1.9481459258713733e-05
  },
  "feature_32": {
    "mean": 21.632191340579517,
    "scale": 2.5377107950265967,
    "var": 6.439976079194521
  },
  "feature_33": {
    "mean": 54.87645250582749,
    "scale": 5.860028309889253,
    "var": 34.33993179270349
  },
  "feature_34": {
    "mean": 0.00685552525885421,
    "scale": 0.003914062437997148,
    "var": 1.531988476854018e-05
  },
  "feature_35": {
    "mean": 0.005926646688715765,
    "scale": 0.004413260133509724,
    "var": 1.947686500602626e-05
  },
  "feature_36": {
    "mean": 21.633862738139026,
    "scale": 2.3621899606095087,
    "var": 5.579941410004352
  },
  "feature_37": {
    "mean": 0.9120343271221126,
    "scale": 0.44866740287361684,
    "var": 0.20130243840135642
  },
  "feature_38": {
    "mean": 54.87143664895851,
    "scale": 5.548003213242106,
    "var": 30.78033965414474
  },
  "feature_39": {
    "mean": 21.63363333415688,
    "scale": 1.9676298981183846,
    "var": 3.871567415969365
  },
  "feature_40": {
    "mean": 1.59331710417769,
    "scale": 0.5138833810037922,
    "var": 0.26407612927188867
  },
  "feature_41": {
    "mean": 54.87214315492828,
    "scale": 5.094301662063758,
    "var": 25.951909424105565
  },
  "feature_42": {
    "mean": 21.633167935966746,
    "scale": 1.4630843919668906,
    "var": 2.1406159380171257
  },
  "feature_43": {
    "mean": 2.093395706629917,
    "scale": 0.3233045684199654,
    "var": 0.1045258439612201
  },
  "feature_44": {
    "mean": 54.87354990216699,
    "scale": 4.5775811357642935,
    "var": 20.954249054505123
  },
  "feature_45": {
    "mean": 1175.3847013184536,
    "scale": 86.77115044168589,
    "var": 7529.232548973686
  },
  "feature_46": {
    "mean": 1.9624345238064251,
    "scale": 2.231341615729705,
    "var": 4.97888540608725
  }
}